field,value,occurrences,percent
review_status,reviewed,1297,98.63117870722434
review_status,uncertain,18,1.3688212927756653
protected,no,882,67.07224334600761
protected,yes,407,30.950570342205324
protected,uncertain,25,1.9011406844106464
protected,contextual,1,0.07604562737642585
entity_type,UNKNOWN,1132,86.08365019011407
entity_type,PERSON,169,12.85171102661597
entity_type,OTHER,9,0.6844106463878327
entity_type,LOCATION,4,0.3041825095057034
entity_type,ORGANIZATION,1,0.07604562737642585
lookup_source,seed_lookup,397,30.190114068441066
lookup_source,curated_lookup,221,16.806083650190114
lookup_source,manual,200,15.209125475285171
lookup_source,confirmed_mapping_default,162,12.319391634980988
lookup_source,french_seed_lookup,158,12.015209125475286
lookup_source,ambiguous_language_seed_lookup,112,8.517110266159696
lookup_source,name_seed_lookup,34,2.585551330798479
lookup_source,spacing_merge_policy,30,2.2813688212927756
lookup_source,none,1,0.07604562737642585
