method,method_label,error_label,rows,percent_of_matched_rows
m1,M1 rules,reduce_double_vowel,3108,93.33333333333333
m1,M1 rules,u_to_ou,3031,91.02102102102103
m1,M1 rules,lowercase,2953,88.67867867867868
m1,M1 rules,final_e_to_e_acute,2121,63.693693693693696
m1,M1 rules,final_n_to_ne,2022,60.72072072072072
m1,M1 rules,x_to_kh,2013,60.450450450450454
m1,M1 rules,c_vowel_to_th,1889,56.726726726726724
m1,M1 rules,schwa_to_eu,1884,56.57657657657658
m1,M1 rules,enye_to_gn,1642,49.309309309309306
m1,M1 rules,soft_g_add_u,1454,43.66366366366366
m1,M1 rules,a_diacritic_to_a,1354,40.66066066066066
m1,M1 rules,j_eao_to_di,1209,36.306306306306304
m1,M1 rules,double_g_to_g,872,26.186186186186188
m1,M1 rules,ee_acute_to_e,678,20.36036036036036
m1,M1 rules,u_before_blt_to_ou,630,18.91891891891892
m1,M1 rules,uu_to_ou,360,10.81081081081081
m1,M1 rules,th_vowel_add_i,345,10.36036036036036
m1,M1 rules,hyphen_to_space,288,8.64864864864865
m1,M1 rules,j_i_to_dj,242,7.267267267267267
m1,M1 rules,o_acute_to_o,238,7.147147147147147
m1,M1 rules,q_to_kh,146,4.384384384384385
m1,M1 rules,eng_to_ng,104,3.123123123123123
m1,M1 rules,final_cc_to_thie,40,1.2012012012012012
m2,M2 Eflomal,beqi_inspired_orthographic_rules,3327,99.90990990990991
m2,M2 Eflomal,alignment_code_switch,3148,94.53453453453453
m3,M3 CMDR,beqi_inspired_orthographic_rules,3327,99.90990990990991
m3,M3 CMDR,alignment_code_switch,1094,32.852852852852855
m4,M4 Oolel,external_llm_generation_unspecified,3330,100.0
m6,M6 gold-informed,insertion,1836,55.13513513513514
m6,M6 gold-informed,diacritic,1705,51.2012012012012
m6,M6 gold-informed,phonetic_spelling,1557,46.75675675675676
m6,M6 gold-informed,deletion,1497,44.95495495495496
m6,M6 gold-informed,substitution,1307,39.249249249249246
m6,M6 gold-informed,repetition,450,13.513513513513514
m6,M6 gold-informed,multiple,45,1.3513513513513513
m6,M6 gold-informed,spacing_merge,14,0.42042042042042044
m6,M6 gold-informed,abbreviation,6,0.18018018018018017
