method,label,measure,total,mean_per_row,rows_with_measure,rows_with_measure_percent
m1,M1 rules,edit_count,53318.0,16.011411411411412,3328,99.93993993993993
m2,M2 Eflomal,edit_count,54442.0,16.348948948948948,3330,100.0
m2,M2 Eflomal,alignment_edit_count,8738.0,2.624024024024024,3148,94.53453453453453
m2,M2 Eflomal,spelling_edit_count,45704.0,13.724924924924926,3327,99.90990990990991
m3,M3 CMDR,edit_count,53124.0,15.953153153153153,3329,99.96996996996998
m3,M3 CMDR,alignment_edit_count,1525.0,0.45795795795795796,1094,32.852852852852855
m3,M3 CMDR,spelling_edit_count,51599.0,15.495195195195196,3327,99.90990990990991
m4,M4 Oolel,edit_count,67281.0,20.204504504504506,3330,100.0
m6,M6 gold-informed,edit_count,7825.0,2.34984984984985,3106,93.27327327327328
m6,M6 gold-informed,lexical_mapping_edit_count,3057.0,0.918018018018018,1985,59.60960960960961
m6,M6 gold-informed,transformation_edit_count,4768.0,1.431831831831832,2555,76.72672672672672
