formal_token,informal_token,count,formal_total,dominance,confidence,mapping_source,pos_candidates_json,error_types_json
am na,amna,4,4,1.0,1.0,gold_train_linguistic_mapping,"[""UNKNOWN""]","[""phonetic_spelling"", ""spacing_merge""]"
na ma,nama,3,3,1.0,1.0,gold_train_linguistic_mapping,"[""UNKNOWN""]","[""phonetic_spelling"", ""spacing_merge""]"
soof na,sofna,3,4,0.75,0.75,gold_train_linguistic_mapping,"[""UNKNOWN""]","[""deletion"", ""phonetic_spelling"", ""spacing_merge""]"
da ñoo,dagno,2,2,1.0,1.0,gold_train_linguistic_mapping,"[""UNKNOWN""]","[""deletion"", ""diacritic"", ""spacing_merge"", ""substitution""]"
di naa ko,dinako,2,2,1.0,1.0,gold_train_linguistic_mapping,"[""UNKNOWN""]","[""deletion"", ""spacing_merge""]"
maa,ma,2,2,1.0,1.0,gold_train_linguistic_mapping,"[""UNKNOWN""]","[""deletion""]"
moo ngi,mongui,2,2,1.0,1.0,gold_train_linguistic_mapping,"[""UNKNOWN""]","[""deletion"", ""insertion"", ""phonetic_spelling"", ""spacing_merge""]"
naa ko,nako,2,2,1.0,1.0,gold_train_linguistic_mapping,"[""UNKNOWN""]","[""deletion"", ""spacing_merge""]"
nak,nk,2,2,1.0,1.0,gold_train_linguistic_mapping,"[""UNKNOWN""]","[""abbreviation""]"
nee na,neina,2,2,1.0,1.0,gold_train_linguistic_mapping,"[""UNKNOWN""]","[""phonetic_spelling"", ""spacing_merge"", ""substitution""]"
ne na,néna,2,3,0.6666666666666666,0.6666666666666666,gold_train_linguistic_mapping,"[""UNKNOWN""]","[""diacritic"", ""spacing_merge"", ""substitution""]"
tamit,tamite,2,4,0.5,0.5,gold_train_linguistic_mapping,"[""UNKNOWN""]","[""insertion""]"
aljanna,adjana,1,1,1.0,1.0,gold_train_linguistic_mapping,"[""NOUN""]","[""deletion"", ""substitution""]"
amoon,amone,1,1,1.0,1.0,gold_train_linguistic_mapping,"[""VERB""]","[""deletion"", ""insertion"", ""phonetic_spelling""]"
amul,amoul,1,1,1.0,1.0,gold_train_linguistic_mapping,"[""VERB""]","[""insertion"", ""phonetic_spelling""]"
ba muy,bamoy,1,1,1.0,1.0,gold_train_linguistic_mapping,"[""UNKNOWN""]","[""spacing_merge"", ""substitution""]"
ba ngay,bangay,1,1,1.0,1.0,gold_train_linguistic_mapping,"[""UNKNOWN""]","[""phonetic_spelling"", ""spacing_merge""]"
baalu,baalou,1,1,1.0,1.0,gold_train_linguistic_mapping,"[""VERB""]","[""insertion"", ""phonetic_spelling""]"
ban,bane,1,1,1.0,1.0,gold_train_linguistic_mapping,"[""DET""]","[""insertion""]"
bari na,barina,1,1,1.0,1.0,gold_train_linguistic_mapping,"[""UNKNOWN""]","[""spacing_merge""]"
bari naa,barina,1,1,1.0,1.0,gold_train_linguistic_mapping,"[""UNKNOWN""]","[""deletion"", ""spacing_merge""]"
bon nga,bonega,1,1,1.0,1.0,gold_train_linguistic_mapping,"[""UNKNOWN""]","[""spacing_merge"", ""substitution""]"
bonul,bonoul,1,1,1.0,1.0,gold_train_linguistic_mapping,"[""VERB""]","[""insertion""]"
boppam,bopam,1,1,1.0,1.0,gold_train_linguistic_mapping,"[""UNKNOWN""]","[""deletion""]"
bu ko,bouko,1,1,1.0,1.0,gold_train_linguistic_mapping,"[""UNKNOWN""]","[""insertion"", ""spacing_merge""]"
bu ma la,boumala,1,1,1.0,1.0,gold_train_linguistic_mapping,"[""UNKNOWN""]","[""insertion"", ""phonetic_spelling"", ""spacing_merge""]"
bu mu,boumou,1,1,1.0,1.0,gold_train_linguistic_mapping,"[""UNKNOWN""]","[""insertion"", ""spacing_merge""]"
butitu,boutitou,1,1,1.0,1.0,gold_train_linguistic_mapping,"[""NOUN""]","[""insertion"", ""phonetic_spelling""]"
bàjjen,badiene,1,1,1.0,1.0,gold_train_linguistic_mapping,"[""NOUN""]","[""diacritic"", ""insertion"", ""phonetic_spelling"", ""substitution""]"
bàmmeelu,bamélou,1,1,1.0,1.0,gold_train_linguistic_mapping,"[""NOUN""]","[""insertion"", ""phonetic_spelling"", ""substitution""]"
bàyyi ko fi,bayikofi,1,1,1.0,1.0,gold_train_linguistic_mapping,"[""UNKNOWN""]","[""diacritic"", ""spacing_merge"", ""substitution""]"
bàyyi la,bayila,1,1,1.0,1.0,gold_train_linguistic_mapping,"[""UNKNOWN""]","[""diacritic"", ""spacing_merge"", ""substitution""]"
bàyyil,bayil,1,1,1.0,1.0,gold_train_linguistic_mapping,"[""VERB""]","[""diacritic"", ""substitution""]"
da koo,dako,1,1,1.0,1.0,gold_train_linguistic_mapping,"[""UNKNOWN""]","[""deletion"", ""spacing_merge""]"
da leen,dalén,1,1,1.0,1.0,gold_train_linguistic_mapping,"[""UNKNOWN""]","[""diacritic"", ""phonetic_spelling"", ""spacing_merge"", ""substitution""]"
da ngay,dangay,1,1,1.0,1.0,gold_train_linguistic_mapping,"[""UNKNOWN""]","[""spacing_merge""]"
daal,dal,1,1,1.0,1.0,gold_train_linguistic_mapping,"[""UNKNOWN""]","[""deletion"", ""phonetic_spelling""]"
dama key,damakoye,1,1,1.0,1.0,gold_train_linguistic_mapping,"[""UNKNOWN""]","[""deletion"", ""insertion"", ""phonetic_spelling"", ""spacing_merge""]"
dee,dèwè,1,1,1.0,1.0,gold_train_linguistic_mapping,"[""VERB""]","[""diacritic"", ""substitution""]"
defati,defaty,1,1,1.0,1.0,gold_train_linguistic_mapping,"[""VERB""]","[""substitution""]"
di leen,dilen,1,1,1.0,1.0,gold_train_linguistic_mapping,"[""UNKNOWN""]","[""deletion"", ""spacing_merge""]"
di ngeen,diguéne,1,1,1.0,1.0,gold_train_linguistic_mapping,"[""UNKNOWN""]","[""deletion"", ""diacritic"", ""spacing_merge"", ""substitution""]"
doo too ko,dotoko,1,1,1.0,1.0,gold_train_linguistic_mapping,"[""UNKNOWN""]","[""abbreviation"", ""deletion"", ""spacing_merge""]"
doo ñu,dognou,1,1,1.0,1.0,gold_train_linguistic_mapping,"[""UNKNOWN""]","[""deletion"", ""diacritic"", ""insertion"", ""spacing_merge""]"
dootu ma,dotouma,1,1,1.0,1.0,gold_train_linguistic_mapping,"[""UNKNOWN""]","[""deletion"", ""insertion"", ""phonetic_spelling"", ""spacing_merge""]"
du ko,douko,1,1,1.0,1.0,gold_train_linguistic_mapping,"[""UNKNOWN""]","[""insertion"", ""phonetic_spelling"", ""spacing_merge""]"
déggul,dégoul,1,1,1.0,1.0,gold_train_linguistic_mapping,"[""VERB""]","[""phonetic_spelling"", ""substitution""]"
dëgg,deug,1,1,1.0,1.0,gold_train_linguistic_mapping,"[""NOUN""]","[""deletion"", ""diacritic"", ""phonetic_spelling"", ""substitution""]"
est ce que,eska,1,1,1.0,1.0,gold_train_linguistic_mapping,"[""UNKNOWN""]","[""abbreviation"", ""spacing_merge"", ""substitution""]"
feccal,fethieul,1,1,1.0,1.0,gold_train_linguistic_mapping,"[""VERB""]","[""phonetic_spelling"", ""substitution""]"
fiir,fiire,1,1,1.0,1.0,gold_train_linguistic_mapping,"[""NOUN""]","[""insertion"", ""phonetic_spelling""]"
gis,guiss,1,1,1.0,1.0,gold_train_linguistic_mapping,"[""VERB""]","[""insertion"", ""repetition""]"
gis ngeen,guisngène,1,1,1.0,1.0,gold_train_linguistic_mapping,"[""UNKNOWN""]","[""deletion"", ""diacritic"", ""insertion"", ""spacing_merge""]"
gént,güent,1,1,1.0,1.0,gold_train_linguistic_mapping,"[""VERB""]","[""phonetic_spelling"", ""substitution""]"
gëna,gana,1,1,1.0,1.0,gold_train_linguistic_mapping,"[""VERB""]","[""diacritic"", ""substitution""]"
ins bi,insbi,1,1,1.0,1.0,gold_train_linguistic_mapping,"[""UNKNOWN""]","[""spacing_merge""]"
jaarat,diaraat,1,1,1.0,1.0,gold_train_linguistic_mapping,"[""VERB""]","[""insertion"", ""phonetic_spelling"", ""repetition"", ""substitution""]"
jabaram,diabarame,1,1,1.0,1.0,gold_train_linguistic_mapping,"[""NOUN""]","[""insertion"", ""phonetic_spelling"", ""substitution""]"
jar na,diarna,1,1,1.0,1.0,gold_train_linguistic_mapping,"[""UNKNOWN""]","[""phonetic_spelling"", ""spacing_merge"", ""substitution""]"
jaral,diaral,1,1,1.0,1.0,gold_train_linguistic_mapping,"[""VERB""]","[""phonetic_spelling"", ""substitution""]"
jigéen,djiguene,1,1,1.0,1.0,gold_train_linguistic_mapping,"[""NOUN""]","[""diacritic"", ""insertion"", ""phonetic_spelling"", ""substitution""]"
jonge,diongué,1,1,1.0,1.0,gold_train_linguistic_mapping,"[""ADJ""]","[""diacritic"", ""phonetic_spelling"", ""substitution""]"
jàpp,djape,1,1,1.0,1.0,gold_train_linguistic_mapping,"[""NOUN""]","[""diacritic"", ""insertion"", ""phonetic_spelling"", ""substitution""]"
jéemo,diémo,1,1,1.0,1.0,gold_train_linguistic_mapping,"[""VERB""]","[""deletion"", ""substitution""]"
kan la,kanla,1,1,1.0,1.0,gold_train_linguistic_mapping,"[""UNKNOWN""]","[""spacing_merge""]"
kañ,kagne,1,1,1.0,1.0,gold_train_linguistic_mapping,"[""NOUN""]","[""diacritic"", ""phonetic_spelling"", ""substitution""]"
ko fi,kofi,1,1,1.0,1.0,gold_train_linguistic_mapping,"[""UNKNOWN""]","[""spacing_merge""]"
kontaana,contana,1,1,1.0,1.0,gold_train_linguistic_mapping,"[""VERB""]","[""deletion"", ""phonetic_spelling"", ""substitution""]"
ku ko,kouko,1,1,1.0,1.0,gold_train_linguistic_mapping,"[""UNKNOWN""]","[""deletion"", ""insertion"", ""repetition"", ""spacing_merge""]"
ku koy,koukoy,1,1,1.0,1.0,gold_train_linguistic_mapping,"[""UNKNOWN""]","[""insertion"", ""spacing_merge""]"
ku la,koula,1,1,1.0,1.0,gold_train_linguistic_mapping,"[""UNKNOWN""]","[""insertion"", ""phonetic_spelling"", ""spacing_merge""]"
ku mu,komo,1,1,1.0,1.0,gold_train_linguistic_mapping,"[""UNKNOWN""]","[""spacing_merge"", ""substitution""]"
la ñu ma,laniouma,1,1,1.0,1.0,gold_train_linguistic_mapping,"[""UNKNOWN""]","[""diacritic"", ""spacing_merge"", ""substitution""]"
laa,la,1,1,1.0,1.0,gold_train_linguistic_mapping,"[""UNKNOWN""]","[""deletion"", ""phonetic_spelling""]"
laalal,lalal,1,1,1.0,1.0,gold_train_linguistic_mapping,"[""VERB""]","[""deletion""]"
laalal ma,lalalma,1,1,1.0,1.0,gold_train_linguistic_mapping,"[""UNKNOWN""]","[""deletion"", ""spacing_merge""]"
laay,lay,1,1,1.0,1.0,gold_train_linguistic_mapping,"[""UNKNOWN""]","[""deletion""]"
lan la,lanela,1,1,1.0,1.0,gold_train_linguistic_mapping,"[""UNKNOWN""]","[""spacing_merge"", ""substitution""]"
lan nga,lanegua,1,1,1.0,1.0,gold_train_linguistic_mapping,"[""UNKNOWN""]","[""insertion"", ""phonetic_spelling"", ""spacing_merge"", ""substitution""]"
lañ,lagne,1,1,1.0,1.0,gold_train_linguistic_mapping,"[""UNKNOWN""]","[""diacritic"", ""phonetic_spelling"", ""substitution""]"
lañuy,laniouy,1,1,1.0,1.0,gold_train_linguistic_mapping,"[""UNKNOWN""]","[""diacritic"", ""phonetic_spelling"", ""substitution""]"
li nga,linga,1,1,1.0,1.0,gold_train_linguistic_mapping,"[""UNKNOWN""]","[""spacing_merge""]"
lu,lou,1,1,1.0,1.0,gold_train_linguistic_mapping,"[""DET""]","[""insertion"", ""phonetic_spelling""]"
lu tax,loutakh,1,1,1.0,1.0,gold_train_linguistic_mapping,"[""UNKNOWN""]","[""insertion"", ""phonetic_spelling"", ""spacing_merge"", ""substitution""]"
léegi,legui,1,1,1.0,1.0,gold_train_linguistic_mapping,"[""ADV""]","[""deletion"", ""diacritic"", ""insertion"", ""phonetic_spelling""]"
man,mann,1,1,1.0,1.0,gold_train_linguistic_mapping,"[""PRON""]","[""insertion"", ""repetition""]"
mer,mér,1,1,1.0,1.0,gold_train_linguistic_mapping,"[""VERB""]","[""diacritic"", ""phonetic_spelling""]"
metti na,métina,1,1,1.0,1.0,gold_train_linguistic_mapping,"[""UNKNOWN""]","[""diacritic"", ""spacing_merge"", ""substitution""]"
mettital,metital,1,1,1.0,1.0,gold_train_linguistic_mapping,"[""VERB""]","[""deletion""]"
mi ngi,migui,1,1,1.0,1.0,gold_train_linguistic_mapping,"[""UNKNOWN""]","[""deletion"", ""insertion"", ""phonetic_spelling"", ""spacing_merge""]"
mii ko,miko,1,1,1.0,1.0,gold_train_linguistic_mapping,"[""UNKNOWN""]","[""deletion"", ""spacing_merge""]"
miir,mire,1,1,1.0,1.0,gold_train_linguistic_mapping,"[""VERB""]","[""deletion"", ""insertion"", ""phonetic_spelling""]"
moo ko,moko,1,1,1.0,1.0,gold_train_linguistic_mapping,"[""UNKNOWN""]","[""deletion"", ""spacing_merge""]"
moo leen,moléne,1,1,1.0,1.0,gold_train_linguistic_mapping,"[""UNKNOWN""]","[""deletion"", ""diacritic"", ""insertion"", ""phonetic_spelling"", ""spacing_merge""]"
moom,mom,1,1,1.0,1.0,gold_train_linguistic_mapping,"[""PRON""]","[""deletion""]"
mooy,moy,1,1,1.0,1.0,gold_train_linguistic_mapping,"[""INTJ""]","[""deletion""]"
mu,mou,1,1,1.0,1.0,gold_train_linguistic_mapping,"[""PRON""]","[""insertion"", ""phonetic_spelling""]"
mu lay,moulay,1,1,1.0,1.0,gold_train_linguistic_mapping,"[""UNKNOWN""]","[""insertion"", ""spacing_merge""]"
mu ne la,mounèla,1,1,1.0,1.0,gold_train_linguistic_mapping,"[""UNKNOWN""]","[""diacritic"", ""insertion"", ""phonetic_spelling"", ""spacing_merge"", ""substitution""]"
muy génn,mouyguéne,1,1,1.0,1.0,gold_train_linguistic_mapping,"[""UNKNOWN""]","[""insertion"", ""spacing_merge"", ""substitution""]"
mëna,meuna,1,1,1.0,1.0,gold_train_linguistic_mapping,"[""VERB""]","[""diacritic"", ""phonetic_spelling"", ""substitution""]"
mënoon,menone,1,1,1.0,1.0,gold_train_linguistic_mapping,"[""UNKNOWN""]","[""deletion"", ""diacritic"", ""insertion"", ""phonetic_spelling"", ""substitution""]"
na leen,nalènne,1,1,1.0,1.0,gold_train_linguistic_mapping,"[""UNKNOWN""]","[""deletion"", ""diacritic"", ""insertion"", ""repetition"", ""spacing_merge""]"
na nga,nanga,1,1,1.0,1.0,gold_train_linguistic_mapping,"[""UNKNOWN""]","[""phonetic_spelling"", ""spacing_merge""]"
ndax,ndakh,1,1,1.0,1.0,gold_train_linguistic_mapping,"[""CCONJ""]","[""phonetic_spelling"", ""substitution""]"
neex na,nekhna,1,1,1.0,1.0,gold_train_linguistic_mapping,"[""UNKNOWN""]","[""phonetic_spelling"", ""spacing_merge"", ""substitution""]"
neexul,nekhoul,1,1,1.0,1.0,gold_train_linguistic_mapping,"[""VERB""]","[""phonetic_spelling"", ""substitution""]"
neexuleen,nékhoulén,1,1,1.0,1.0,gold_train_linguistic_mapping,"[""UNKNOWN""]","[""diacritic"", ""phonetic_spelling"", ""substitution""]"
nekkul,nekoul,1,1,1.0,1.0,gold_train_linguistic_mapping,"[""VERB""]","[""phonetic_spelling"", ""substitution""]"
nga ma,guama,1,1,1.0,1.0,gold_train_linguistic_mapping,"[""UNKNOWN""]","[""deletion"", ""insertion"", ""spacing_merge""]"
nga ñuy,gañou,1,1,1.0,1.0,gold_train_linguistic_mapping,"[""UNKNOWN""]","[""deletion"", ""insertion"", ""spacing_merge""]"
ngay,gueye,1,1,1.0,1.0,gold_train_linguistic_mapping,"[""VERB""]","[""multiple""]"
ngeen di,gněni,1,1,1.0,1.0,gold_train_linguistic_mapping,"[""UNKNOWN""]","[""abbreviation"", ""deletion"", ""diacritic"", ""insertion"", ""spacing_merge"", ""substitution""]"
paa bi,pabi,1,1,1.0,1.0,gold_train_linguistic_mapping,"[""UNKNOWN""]","[""deletion"", ""spacing_merge""]"
reesal ko,reesalko,1,1,1.0,1.0,gold_train_linguistic_mapping,"[""UNKNOWN""]","[""spacing_merge""]"
reesalul,reessaloul,1,1,1.0,1.0,gold_train_linguistic_mapping,"[""VERB""]","[""insertion"", ""repetition""]"
rey na ma,reynama,1,1,1.0,1.0,gold_train_linguistic_mapping,"[""UNKNOWN""]","[""spacing_merge""]"
sax,sakh,1,1,1.0,1.0,gold_train_linguistic_mapping,"[""ADV""]","[""phonetic_spelling"", ""substitution""]"
sonnee,soné,1,1,1.0,1.0,gold_train_linguistic_mapping,"[""VERB""]","[""diacritic"", ""substitution""]"
soof nga,sofga,1,1,1.0,1.0,gold_train_linguistic_mapping,"[""UNKNOWN""]","[""abbreviation"", ""deletion"", ""spacing_merge""]"
su ma,souma,1,1,1.0,1.0,gold_train_linguistic_mapping,"[""UNKNOWN""]","[""insertion"", ""phonetic_spelling"", ""spacing_merge""]"
séyam,seuyeum,1,1,1.0,1.0,gold_train_linguistic_mapping,"[""UNKNOWN""]","[""diacritic"", ""phonetic_spelling"", ""substitution""]"
séyu,seuyou,1,1,1.0,1.0,gold_train_linguistic_mapping,"[""NOUN""]","[""diacritic"", ""insertion"", ""substitution""]"
tas,tass,1,1,1.0,1.0,gold_train_linguistic_mapping,"[""VERB""]","[""phonetic_spelling"", ""repetition""]"
toppatoo,topato,1,1,1.0,1.0,gold_train_linguistic_mapping,"[""VERB""]","[""deletion"", ""phonetic_spelling""]"
tuñu,touniou,1,1,1.0,1.0,gold_train_linguistic_mapping,"[""UNKNOWN""]","[""diacritic"", ""insertion"", ""phonetic_spelling"", ""substitution""]"
wa,wah,1,1,1.0,1.0,gold_train_linguistic_mapping,"[""INTJ""]","[""insertion"", ""phonetic_spelling""]"
waroon,waron,1,1,1.0,1.0,gold_train_linguistic_mapping,"[""VERB""]","[""deletion""]"
wax,wakh,1,1,1.0,1.0,gold_train_linguistic_mapping,"[""VERB""]","[""substitution""]"
waxon,wakhno,1,1,1.0,1.0,gold_train_linguistic_mapping,"[""VERB""]","[""deletion"", ""substitution""]"
woo leen,wolen,1,1,1.0,1.0,gold_train_linguistic_mapping,"[""UNKNOWN""]","[""abbreviation"", ""deletion"", ""spacing_merge""]"
woowe,wowé,1,1,1.0,1.0,gold_train_linguistic_mapping,"[""VERB""]","[""deletion"", ""diacritic"", ""phonetic_spelling"", ""substitution""]"
wotom,autom,1,1,1.0,1.0,gold_train_linguistic_mapping,"[""NOUN""]","[""substitution""]"
wuti,wouti,1,1,1.0,1.0,gold_train_linguistic_mapping,"[""UNKNOWN""]","[""insertion"", ""phonetic_spelling""]"
wuyul,wouyoul,1,1,1.0,1.0,gold_train_linguistic_mapping,"[""VERB""]","[""insertion"", ""phonetic_spelling""]"
wuyyay,wooooouuuyaaayyyy,1,1,1.0,1.0,gold_train_linguistic_mapping,"[""INTJ""]","[""insertion"", ""repetition"", ""substitution""]"
wérul,wëroul,1,1,1.0,1.0,gold_train_linguistic_mapping,"[""VERB""]","[""insertion"", ""substitution""]"
xaaral,kharal,1,1,1.0,1.0,gold_train_linguistic_mapping,"[""VERB""]","[""substitution""]"
xale,khalé,1,1,1.0,1.0,gold_train_linguistic_mapping,"[""NOUN""]","[""diacritic"", ""phonetic_spelling"", ""substitution""]"
xalé yu,khaleyou,1,1,1.0,1.0,gold_train_linguistic_mapping,"[""UNKNOWN""]","[""diacritic"", ""insertion"", ""phonetic_spelling"", ""spacing_merge"", ""substitution""]"
xam na,khamna,1,1,1.0,1.0,gold_train_linguistic_mapping,"[""UNKNOWN""]","[""phonetic_spelling"", ""spacing_merge"", ""substitution""]"
xamagul,khamakoul,1,1,1.0,1.0,gold_train_linguistic_mapping,"[""VERB""]","[""substitution""]"
xamul,khamoul,1,1,1.0,1.0,gold_train_linguistic_mapping,"[""VERB""]","[""insertion"", ""substitution""]"
xas,khasse,1,1,1.0,1.0,gold_train_linguistic_mapping,"[""VERB""]","[""insertion"", ""phonetic_spelling"", ""repetition"", ""substitution""]"
xeetu,khétou,1,1,1.0,1.0,gold_train_linguistic_mapping,"[""NOUN""]","[""diacritic"", ""insertion"", ""phonetic_spelling"", ""substitution""]"
xol,hol,1,1,1.0,1.0,gold_train_linguistic_mapping,"[""NOUN""]","[""substitution""]"
xolu,kholou,1,1,1.0,1.0,gold_train_linguistic_mapping,"[""NOUN""]","[""insertion"", ""substitution""]"
yaa ma,yama,1,1,1.0,1.0,gold_train_linguistic_mapping,"[""UNKNOWN""]","[""deletion"", ""spacing_merge""]"
yaa ngi,yagui,1,1,1.0,1.0,gold_train_linguistic_mapping,"[""UNKNOWN""]","[""deletion"", ""insertion"", ""spacing_merge""]"
yaayam,yayame,1,1,1.0,1.0,gold_train_linguistic_mapping,"[""UNKNOWN""]","[""deletion"", ""insertion"", ""phonetic_spelling""]"
yaayu,yayou,1,1,1.0,1.0,gold_train_linguistic_mapping,"[""NOUN""]","[""deletion"", ""insertion"", ""phonetic_spelling""]"
yépp,yép,1,1,1.0,1.0,gold_train_linguistic_mapping,"[""PRON""]","[""deletion"", ""phonetic_spelling""]"
ëmbul,eumboul,1,1,1.0,1.0,gold_train_linguistic_mapping,"[""VERB""]","[""diacritic"", ""insertion"", ""phonetic_spelling"", ""substitution""]"
ñi koy,gnikoy,1,1,1.0,1.0,gold_train_linguistic_mapping,"[""UNKNOWN""]","[""diacritic"", ""phonetic_spelling"", ""spacing_merge"", ""substitution""]"
ñoo,gno,1,1,1.0,1.0,gold_train_linguistic_mapping,"[""VERB""]","[""diacritic"", ""phonetic_spelling"", ""substitution""]"
ñu,niou,1,1,1.0,1.0,gold_train_linguistic_mapping,"[""PRON""]","[""diacritic"", ""phonetic_spelling"", ""substitution""]"
ñuus,niouss,1,1,1.0,1.0,gold_train_linguistic_mapping,"[""VERB""]","[""diacritic"", ""insertion"", ""phonetic_spelling"", ""repetition"", ""substitution""]"
ñuusul,nioussoul,1,1,1.0,1.0,gold_train_linguistic_mapping,"[""VERB""]","[""diacritic"", ""insertion"", ""phonetic_spelling"", ""repetition"", ""substitution""]"
ñàkk,gnakeu,1,1,1.0,1.0,gold_train_linguistic_mapping,"[""VERB""]","[""diacritic"", ""phonetic_spelling"", ""substitution""]"
lu ko,loko,1,2,0.5,0.5,gold_train_linguistic_mapping,"[""UNKNOWN""]","[""spacing_merge"", ""substitution""]"
lu ko,louko,1,2,0.5,0.5,gold_train_linguistic_mapping,"[""UNKNOWN""]","[""insertion"", ""spacing_merge""]"
ma ngi,magui,1,2,0.5,0.5,gold_train_linguistic_mapping,"[""UNKNOWN""]","[""deletion"", ""insertion"", ""spacing_merge""]"
ma ngi,mangui,1,2,0.5,0.5,gold_train_linguistic_mapping,"[""UNKNOWN""]","[""insertion"", ""spacing_merge""]"
moo tax,motakhe,1,2,0.5,0.5,gold_train_linguistic_mapping,"[""UNKNOWN""]","[""deletion"", ""phonetic_spelling"", ""spacing_merge"", ""substitution""]"
moo tax,motax,1,2,0.5,0.5,gold_train_linguistic_mapping,"[""UNKNOWN""]","[""deletion"", ""spacing_merge""]"
mu may,moumay,1,2,0.5,0.5,gold_train_linguistic_mapping,"[""UNKNOWN""]","[""insertion"", ""spacing_merge""]"
mu may,moumaye,1,2,0.5,0.5,gold_train_linguistic_mapping,"[""UNKNOWN""]","[""insertion"", ""spacing_merge""]"
nañu,naniou,1,2,0.5,0.5,gold_train_linguistic_mapping,"[""UNKNOWN""]","[""diacritic"", ""phonetic_spelling"", ""substitution""]"
nañu,nañou,1,2,0.5,0.5,gold_train_linguistic_mapping,"[""UNKNOWN""]","[""insertion"", ""phonetic_spelling""]"
ñaaw na,gnawna,1,2,0.5,0.5,gold_train_linguistic_mapping,"[""UNKNOWN""]","[""diacritic"", ""spacing_merge"", ""substitution""]"
ñaaw na,niagwna,1,2,0.5,0.5,gold_train_linguistic_mapping,"[""UNKNOWN""]","[""diacritic"", ""spacing_merge"", ""substitution""]"
