pos,error_type,operation,formal_text,informal_text,left_context,right_context,position_kind,count,trigger_total,dominance,confidence,error_weight,mapping_source
UNKNOWN,deletion,delete,a,,a,$,suffix,12,12,1.0,1.0,0.1761194029850746,gold_train_linguistic_transformation
DET,insertion,insert,,o,k,u,internal,8,8,1.0,1.0,0.4782608695652174,gold_train_linguistic_transformation
PRON,deletion,delete,o,,o,m,internal,7,7,1.0,1.0,0.17857142857142858,gold_train_linguistic_transformation
VERB,insertion,insert,,o,m,u,internal,7,7,1.0,1.0,0.16173120728929385,gold_train_linguistic_transformation
VERB,substitution,replace,x,kh,a,$,suffix,7,9,0.7777777777777778,0.7777777777777778,0.26651480637813213,gold_train_linguistic_transformation
NOUN,diacritic,replace,jà,dia,^,m,prefix,6,6,1.0,1.0,0.16666666666666666,gold_train_linguistic_transformation
NOUN,insertion,replace,ja,di,i,a,internal,6,6,1.0,1.0,0.1962962962962963,gold_train_linguistic_transformation
VERB,diacritic,replace,ë,eu,b,g,internal,6,6,1.0,1.0,0.15034168564920272,gold_train_linguistic_transformation
VERB,substitution,replace,ex,kh,e,$,suffix,6,6,1.0,1.0,0.26651480637813213,gold_train_linguistic_transformation
INTJ,deletion,delete,o,,o,$,suffix,5,5,1.0,1.0,0.2807017543859649,gold_train_linguistic_transformation
NOUN,diacritic,replace,ë,eu,w,r,internal,5,5,1.0,1.0,0.16666666666666666,gold_train_linguistic_transformation
NOUN,insertion,insert,,e,y,$,suffix,5,5,1.0,1.0,0.1962962962962963,gold_train_linguistic_transformation
PRON,deletion,insert,,e,m,$,suffix,5,5,1.0,1.0,0.17857142857142858,gold_train_linguistic_transformation
VERB,deletion,delete,o,,o,f,internal,5,5,1.0,1.0,0.12300683371298406,gold_train_linguistic_transformation
DET,insertion,insert,,e,n,$,suffix,4,4,1.0,1.0,0.4782608695652174,gold_train_linguistic_transformation
DET,insertion,insert,,o,y,u,internal,4,4,1.0,1.0,0.4782608695652174,gold_train_linguistic_transformation
NOUN,deletion,insert,,e,m,$,suffix,4,4,1.0,1.0,0.1111111111111111,gold_train_linguistic_transformation
NOUN,deletion,insert,,o,f,u,internal,4,4,1.0,1.0,0.1111111111111111,gold_train_linguistic_transformation
NOUN,deletion,delete,l,,l,a,internal,4,4,1.0,1.0,0.1111111111111111,gold_train_linguistic_transformation
NOUN,diacritic,insert,,d,^,j,prefix,4,4,1.0,1.0,0.16666666666666666,gold_train_linguistic_transformation
NOUN,diacritic,delete,m,,m,$,suffix,4,4,1.0,1.0,0.16666666666666666,gold_train_linguistic_transformation
NOUN,diacritic,replace,ë,eu,k,r,internal,4,4,1.0,1.0,0.16666666666666666,gold_train_linguistic_transformation
NOUN,insertion,insert,,o,f,u,internal,4,4,1.0,1.0,0.1962962962962963,gold_train_linguistic_transformation
NOUN,insertion,insert,,e,m,$,suffix,4,4,1.0,1.0,0.1962962962962963,gold_train_linguistic_transformation
NOUN,insertion,insert,,d,n,i,internal,4,4,1.0,1.0,0.1962962962962963,gold_train_linguistic_transformation
VERB,deletion,delete,o,,o,$,suffix,4,4,1.0,1.0,0.12300683371298406,gold_train_linguistic_transformation
ADV,substitution,replace,x,kh,a,$,suffix,4,5,0.8,0.8,0.29411764705882354,gold_train_linguistic_transformation
NOUN,diacritic,replace,ëg,euk,s,$,suffix,4,5,0.8,0.8,0.16666666666666666,gold_train_linguistic_transformation
NOUN,substitution,replace,x,kh,^,o,prefix,4,5,0.8,0.8,0.26296296296296295,gold_train_linguistic_transformation
CCONJ,deletion,delete,o,,o,$,suffix,3,3,1.0,1.0,0.1935483870967742,gold_train_linguistic_transformation
CCONJ,diacritic,replace,e,é,t,$,suffix,3,3,1.0,1.0,0.12903225806451613,gold_train_linguistic_transformation
CCONJ,substitution,replace,x,kh,a,$,suffix,3,3,1.0,1.0,0.16129032258064516,gold_train_linguistic_transformation
INTJ,deletion,delete,a,,a,y,internal,3,3,1.0,1.0,0.2807017543859649,gold_train_linguistic_transformation
NOUN,deletion,delete,o,,o,m,internal,3,3,1.0,1.0,0.1111111111111111,gold_train_linguistic_transformation
NOUN,diacritic,insert,,e,n,$,suffix,3,3,1.0,1.0,0.16666666666666666,gold_train_linguistic_transformation
NOUN,repetition,insert,,f,f,$,suffix,3,3,1.0,1.0,0.022222222222222223,gold_train_linguistic_transformation
PRON,deletion,delete,n,,^,g,prefix,3,3,1.0,1.0,0.17857142857142858,gold_train_linguistic_transformation
PRON,diacritic,replace,ee,é,l,n,internal,3,3,1.0,1.0,0.13095238095238096,gold_train_linguistic_transformation
PRON,insertion,insert,,o,m,u,internal,3,3,1.0,1.0,0.20238095238095238,gold_train_linguistic_transformation
PUNCT,diacritic,replace,ñ,gn,^,i,prefix,3,3,1.0,1.0,0.3333333333333333,gold_train_linguistic_transformation
VERB,deletion,delete,o,,o,n,internal,3,3,1.0,1.0,0.12300683371298406,gold_train_linguistic_transformation
VERB,deletion,delete,o,,o,y,internal,3,3,1.0,1.0,0.12300683371298406,gold_train_linguistic_transformation
VERB,deletion,delete,k,,k,$,suffix,3,3,1.0,1.0,0.12300683371298406,gold_train_linguistic_transformation
VERB,diacritic,replace,ày,a,b,y,internal,3,3,1.0,1.0,0.15034168564920272,gold_train_linguistic_transformation
VERB,insertion,insert,,e,y,$,suffix,3,3,1.0,1.0,0.16173120728929385,gold_train_linguistic_transformation
VERB,insertion,insert,,e,m,$,suffix,3,3,1.0,1.0,0.16173120728929385,gold_train_linguistic_transformation
VERB,repetition,insert,,f,f,$,suffix,3,3,1.0,1.0,0.05239179954441914,gold_train_linguistic_transformation
VERB,repetition,insert,,ne,n,$,suffix,3,3,1.0,1.0,0.05239179954441914,gold_train_linguistic_transformation
VERB,diacritic,replace,g,ue,g,$,suffix,3,4,0.75,0.75,0.15034168564920272,gold_train_linguistic_transformation
PRON,diacritic,replace,ñ,nio,^,u,prefix,3,5,0.6,0.6,0.13095238095238096,gold_train_linguistic_transformation
VERB,repetition,insert,,s,s,$,suffix,3,5,0.6,0.6,0.05239179954441914,gold_train_linguistic_transformation
ADV,diacritic,replace,ña,ni,^,a,prefix,2,2,1.0,1.0,0.14705882352941177,gold_train_linguistic_transformation
CCONJ,insertion,insert,,o,b,u,internal,2,2,1.0,1.0,0.16129032258064516,gold_train_linguistic_transformation
CCONJ,substitution,replace,e,a,t,$,suffix,2,2,1.0,1.0,0.16129032258064516,gold_train_linguistic_transformation
DET,insertion,insert,,u,g,i,internal,2,2,1.0,1.0,0.4782608695652174,gold_train_linguistic_transformation
INTJ,repetition,delete,a,,a,y,internal,2,2,1.0,1.0,0.12280701754385964,gold_train_linguistic_transformation
NOUN,deletion,insert,,o,s,u,internal,2,2,1.0,1.0,0.1111111111111111,gold_train_linguistic_transformation
NOUN,deletion,delete,k,,k,$,suffix,2,2,1.0,1.0,0.1111111111111111,gold_train_linguistic_transformation
NOUN,diacritic,replace,é,u,g,e,internal,2,2,1.0,1.0,0.16666666666666666,gold_train_linguistic_transformation
NOUN,diacritic,replace,xo,khô,^,l,prefix,2,2,1.0,1.0,0.16666666666666666,gold_train_linguistic_transformation
NOUN,diacritic,insert,,én,b,e,internal,2,2,1.0,1.0,0.16666666666666666,gold_train_linguistic_transformation
NOUN,diacritic,delete,nn,,e,$,suffix,2,2,1.0,1.0,0.16666666666666666,gold_train_linguistic_transformation
NOUN,diacritic,replace,é,ue,g,n,internal,2,2,1.0,1.0,0.16666666666666666,gold_train_linguistic_transformation
NOUN,diacritic,replace,é,eu,s,y,internal,2,2,1.0,1.0,0.16666666666666666,gold_train_linguistic_transformation
NOUN,diacritic,replace,ë,eu,y,r,internal,2,2,1.0,1.0,0.16666666666666666,gold_train_linguistic_transformation
NOUN,diacritic,replace,ë,eu,r,m,internal,2,2,1.0,1.0,0.16666666666666666,gold_train_linguistic_transformation
NOUN,insertion,insert,,o,l,u,internal,2,2,1.0,1.0,0.1962962962962963,gold_train_linguistic_transformation
NOUN,substitution,replace,ja,di,i,a,internal,2,2,1.0,1.0,0.26296296296296295,gold_train_linguistic_transformation
PART,insertion,insert,,o,b,u,internal,2,2,1.0,1.0,0.5,gold_train_linguistic_transformation
PRON,deletion,insert,,u,g,a,internal,2,2,1.0,1.0,0.17857142857142858,gold_train_linguistic_transformation
PRON,diacritic,delete,en,,e,$,suffix,2,2,1.0,1.0,0.13095238095238096,gold_train_linguistic_transformation
PRON,substitution,replace,o,a,y,w,internal,2,2,1.0,1.0,0.21428571428571427,gold_train_linguistic_transformation
PRON,substitution,replace,e,u,g,e,internal,2,2,1.0,1.0,0.21428571428571427,gold_train_linguistic_transformation
PRON,substitution,replace,y,i,^,o,prefix,2,2,1.0,1.0,0.21428571428571427,gold_train_linguistic_transformation
PRON,substitution,replace,w,e,o,$,suffix,2,2,1.0,1.0,0.21428571428571427,gold_train_linguistic_transformation
UNKNOWN,diacritic,replace,ñ,nio,a,u,internal,2,2,1.0,1.0,0.08955223880597014,gold_train_linguistic_transformation
UNKNOWN,insertion,insert,,o,w,u,internal,2,2,1.0,1.0,0.14626865671641792,gold_train_linguistic_transformation
UNKNOWN,insertion,insert,,e,t,$,suffix,2,2,1.0,1.0,0.14626865671641792,gold_train_linguistic_transformation
UNKNOWN,insertion,insert,,o,d,u,internal,2,2,1.0,1.0,0.14626865671641792,gold_train_linguistic_transformation
VERB,deletion,delete,a,,a,n,internal,2,2,1.0,1.0,0.12300683371298406,gold_train_linguistic_transformation
VERB,deletion,insert,,d,^,j,prefix,2,2,1.0,1.0,0.12300683371298406,gold_train_linguistic_transformation
VERB,deletion,delete,i,,i,t,internal,2,2,1.0,1.0,0.12300683371298406,gold_train_linguistic_transformation
VERB,deletion,replace,a,eu,t,l,internal,2,2,1.0,1.0,0.12300683371298406,gold_train_linguistic_transformation
VERB,deletion,delete,a,,l,a,internal,2,2,1.0,1.0,0.12300683371298406,gold_train_linguistic_transformation
VERB,deletion,delete,e,,n,k,internal,2,2,1.0,1.0,0.12300683371298406,gold_train_linguistic_transformation
VERB,deletion,insert,,égn,f,e,internal,2,2,1.0,1.0,0.12300683371298406,gold_train_linguistic_transformation
VERB,deletion,delete,eñ,,e,$,suffix,2,2,1.0,1.0,0.12300683371298406,gold_train_linguistic_transformation
VERB,diacritic,delete,g,,g,$,suffix,2,2,1.0,1.0,0.15034168564920272,gold_train_linguistic_transformation
VERB,diacritic,replace,é,e,d,g,internal,2,2,1.0,1.0,0.15034168564920272,gold_train_linguistic_transformation
VERB,diacritic,replace,g,o,g,u,internal,2,2,1.0,1.0,0.15034168564920272,gold_train_linguistic_transformation
VERB,diacritic,replace,ë,eu,m,n,internal,2,2,1.0,1.0,0.15034168564920272,gold_train_linguistic_transformation
VERB,diacritic,replace,ñu,nio,^,u,prefix,2,2,1.0,1.0,0.15034168564920272,gold_train_linguistic_transformation
VERB,insertion,replace,x,kh,^,a,prefix,2,2,1.0,1.0,0.16173120728929385,gold_train_linguistic_transformation
VERB,insertion,insert,,e,l,$,suffix,2,2,1.0,1.0,0.16173120728929385,gold_train_linguistic_transformation
VERB,insertion,insert,,o,d,u,internal,2,2,1.0,1.0,0.16173120728929385,gold_train_linguistic_transformation
VERB,repetition,delete,o,,o,f,internal,2,2,1.0,1.0,0.05239179954441914,gold_train_linguistic_transformation
VERB,repetition,insert,,s,s,a,internal,2,2,1.0,1.0,0.05239179954441914,gold_train_linguistic_transformation
VERB,substitution,replace,j,di,^,a,prefix,2,2,1.0,1.0,0.26651480637813213,gold_train_linguistic_transformation
VERB,substitution,replace,e,a,r,y,internal,2,2,1.0,1.0,0.26651480637813213,gold_train_linguistic_transformation
VERB,substitution,replace,q,kh,a,a,internal,2,2,1.0,1.0,0.26651480637813213,gold_train_linguistic_transformation
VERB,substitution,replace,x,kh,^,a,prefix,2,2,1.0,1.0,0.26651480637813213,gold_train_linguistic_transformation
VERB,substitution,replace,j,di,^,e,prefix,2,2,1.0,1.0,0.26651480637813213,gold_train_linguistic_transformation
X,insertion,insert,,o,m,u,internal,2,2,1.0,1.0,0.23076923076923078,gold_train_linguistic_transformation
VERB,diacritic,replace,ña,ni,^,a,prefix,2,3,0.6666666666666666,0.6666666666666666,0.15034168564920272,gold_train_linguistic_transformation
VERB,diacritic,replace,eex,ékh,n,$,suffix,2,3,0.6666666666666666,0.6666666666666666,0.15034168564920272,gold_train_linguistic_transformation
